,PC1,PC2
size,-0.00832074404841493,0.6460797808366416
weight,0.5230979944475938,0.033209438715489675
smoothness,-0.5071782140013568,-0.05390687717373445
red,0.426268200295147,-0.13917935587628733
green,0.5360405525457755,0.04432130758403815
blue,-0.0050458011590780085,0.7464829717813786
